player_id,surname,forename,player_name,player_dob,tm_pos_1,tm_pos_2,tm_pos_3
AchterbergJohn19710708,Achterberg,John,John Achterberg,1971-07-08,Goalkeeper,,
AdkinsNigel19650311,Adkins,Nigel,Nigel Adkins,1965-03-11,Goalkeeper,,
AhmedAdnan19840607,Ahmed,Adnan,Adnan Ahmed,1984-06-07,Central Midfielder,,
AimsonWill19940603,Aimson,Will,Will Aimson,1994-06-03,Centre-Back,,
AistonSam19761121,Aiston,Sam,Sam Aiston,1976-11-21,Left Winger,,
AkammaduFranklyn19980811,Akammadu,Franklyn,Franklyn Akammadu,1998-08-11,Centre Forward,Right Winger,Left Winger
AkinsLucas19890225,Akins,Lucas,Lucas Akins,1989-02-25,Right Winger,Centre Forward,Right-Back
AkpaAkproJeanLouis19850104,Akpa Akpro,Jean-Louis,Jean-Louis Akpa Akpro,1985-01-04,Centre Forward,Second Striker,Left Winger
AkpanUdoyen19990210,Akpan,Udoyen,Udoyen Akpan,1999-02-10,Centre Forward,Second Striker,Right Winger
AlabiJames19941108,Alabi,James,James Alabi,1994-11-08,Centre Forward,Left Winger,Right Winger
AldridgeJohn19580918,Aldridge,John,John Aldridge,1958-09-18,Centre Forward,,
AldridgePaul19811202,Aldridge,Paul,Paul Aldridge,1981-12-02,Centre Forward,,
AllenGraham19770408,Allen,Graham,Graham Allen,1977-04-08,Centre-Back,Right-Back,
AllisonWayne19681016,Allison,Wayne,Wayne Allison,1968-10-16,Centre Forward,,
AlmondLouis19920105,Almond,Louis,Louis Almond,1992-01-05,Centre Forward,Left Winger,
AmooDavid19910413,Amoo,David,David Amoo,1991-04-13,Right Winger,Left Winger,Second Striker
AndersonDoug19630829,Anderson,Doug,Doug Anderson,1963-08-29,Winger,,
AndersonIain19770723,Anderson,Iain,Iain Anderson,1977-07-23,Right Winger,Right Midfield,
AntwiGodwin19880607,Antwi,Godwin,Godwin Antwi,1988-06-07,Centre-Back,,
ApterRob20030423,Apter,Rob,Rob Apter,2003-04-23,Right Winger,Attacking Midfielder,
AriyibiGboly19950118,Ariyibi,Gboly,Gboly Ariyibi,1995-01-18,Left Winger,Right Winger,Attacking Midfielder
ArthurworreyStephen19941015,Arthurworrey,Stephen,Stephen Arthurworrey,1994-10-15,Centre-Back,,
AshcroftBilly19521001,Ashcroft,Billy,Billy Ashcroft,1952-10-01,Centre-Back,Centre Forward,
AshtonNeil19850115,Ashton,Neil,Neil Ashton,1985-01-15,Left-Back,Centre-Back,
AskewDarren,Askew,Darren,Darren Askew,,,,
AspinallJohn19590315,Aspinall,John,John Aspinall,1959-03-15,Winger,,
AtkinsonChris19920213,Atkinson,Chris,Chris Atkinson,1992-02-13,Central Midfielder,,
BabbPhil19701130,Babb,Phil,Phil Babb,1970-11-30,Centre-Back,Left-Back,
BainKithson19820526,Bain,Kithson,Kithson Bain,1982-05-26,Centre Forward,,
BakayogoZoumana19860817,Bakayogo,Zoumana,Zoumana Bakayogo,1986-08-17,Left-Back,Left Midfield,
BakerTom19850328,Baker,Tom,Tom Baker,1985-03-28,Central Midfielder,,
BanksOllie19920921,Banks,Ollie,Ollie Banks,1992-09-21,Central Midfielder,Defensive Midfielder,Attacking Midfielder
BarkerGeorge19910926,Barker,George,George Barker,1991-09-26,Centre Forward,Right Winger,Left Winger
BarlowStuart19680716,Barlow,Stuart,Stuart Barlow,1968-07-16,Centre Forward,,
BarnettCharlie19880919,Barnett,Charlie,Charlie Barnett,1988-09-19,Central Midfielder,,
BaxterJose19920207,Baxter,Jose,Jose Baxter,1992-02-07,Attacking Midfielder,Central Midfielder,Second Striker
BeamishKenny19470825,Beamish,Kenny,Kenny Beamish,1947-08-25,Centre Forward,,
BelehouanJean20000901,Belehouan,Jean,Jean Belehouan,2000-09-01,Centre-Back,Left-Back,
BellBaggieAbdulai19920428,Bell-Baggie,Abdulai,Abdulai Bell-Baggie,1992-04-28,Right Winger,Left Winger,
BennettGary19630920,Bennett,Gary,Gary Bennett,1963-09-20,Centre Forward,,
BensonLiam19920225,Benson,Liam,Liam Benson,1992-02-25,Left-Back,Centre-Back,Right-Back
BeresfordDavid19761111,Beresford,David,David Beresford,1976-11-11,Left Winger,Left Midfield,
BishopEddie19621128,Bishop,Eddie,Eddie Bishop,1962-11-28,Central Midfielder,,
BlackMichael19761006,Black,Michael,Michael Black,1976-10-06,Left Winger,Right Winger,
BlackPaul19900118,Black,Paul,Paul Black,1990-01-18,Left-Back,,
BlackettTaylorCorey19970923,Blackett-Taylor,Corey,Corey Blackett-Taylor,1997-09-23,Left Winger,Right Winger,
BlackhamJoe20010910,Blackham,Joe,Joe Blackham,2001-09-10,Defensive Midfielder,Central Midfielder,Right-Back
BlanchardMaxime19860927,Blanchard,Maxime,Maxime Blanchard,1986-09-27,Centre-Back,Right-Back,Defensive Midfielder
BlissettNathan19900629,Blissett,Nathan,Nathan Blissett,1990-06-29,Centre Forward,Left Winger,Right Winger
BolandAntonie19941230,Boland,Antonie,Antonie Boland,1994-12-30,Centre-Back,Left-Back,Defensive Midfielder
BonettiIvano19640801,Bonetti,Ivano,Ivano Bonetti,1964-08-01,Right Winger,Left Winger,
BorthwickJacksonCameron19970202,Borthwick-Jackson,Cameron,Cameron Borthwick-Jackson,1997-02-02,Left-Back,Centre-Back,
BradshawZak20030922,Bradshaw,Zak,Zak Bradshaw,2003-09-22,Centre-Back,Defensive Midfielder,Left-Back
BramhallJohn19561120,Bramhall,John,John Bramhall,1956-11-20,,,
BranchGraham19720212,Branch,Graham,Graham Branch,1972-02-12,Left Winger,Left Midfield,Left-Back
BrannanGed19720115,Brannan,Ged,Ged Brannan,1972-01-15,Central Midfielder,Left-Back,
BrezovanPeter19791209,Brezovan,Peter,Peter Brezovan,1979-12-09,Goalkeeper,,
BristowEthan20011127,Bristow,Ethan,Ethan Bristow,2001-11-27,Left-Back,,
BroomesMarlon19771128,Broomes,Marlon,Marlon Broomes,1977-11-28,Centre-Back,Right-Back,
BrownJunior19890507,Brown,Junior,Junior Brown,1989-05-07,Left-Back,Left Midfield,Right Midfield
BrownKayleden19920415,Brown,Kayleden,Kayleden Brown,1992-04-15,Left Midfield,,
BrownPaul19840910,Brown,Paul,Paul Brown,1984-09-10,Left Midfield,,
BruceAlex19840928,Bruce,Alex,Alex Bruce,1984-09-28,Centre-Back,Right-Back,Defensive Midfielder
BrunaGerardo19910129,Bruna,Gerardo,Gerardo Bruna,1991-01-29,Central Midfielder,Defensive Midfielder,Attacking Midfielder
BruntRyan19930526,Brunt,Ryan,Ryan Brunt,1993-05-26,Centre Forward,,
BuchananDavid19860506,Buchanan,David,David Buchanan,1986-05-06,Left-Back,,
BuckleyTed19120913,Buckley,Ted,Ted Buckley,1912-09-13,,,
BurgessDavid19600120,Burgess,David,David Burgess,1960-01-20,Right-Back,,
BurnsRobbie19901115,Burns,Robbie,Robbie Burns,1990-11-15,Central Midfielder,,
BurtonJake20011115,Burton,Jake,Jake Burton,2001-11-15,Centre Forward,,
BuxtonAdam19920512,Buxton,Adam,Adam Buxton,1992-05-12,Right-Back,Left-Back,Centre-Back
ByrneNeill19930202,Byrne,Neill,Neill Byrne,1993-02-02,Centre-Back,,
CampbellLes19350726,Campbell,Les,Les Campbell,1935-07-26,Left Winger,Attacking Midfielder,Right Winger
CansdellSherriffShane19821110,Cansdell-Sherriff,Shane,Shane Cansdell-Sherriff,1982-11-10,Left-Back,Centre-Back,
CapriceJake19921111,Caprice,Jake,Jake Caprice,1992-11-11,Right-Back,Left-Back,Right Midfield
CaroleSebastien19820908,Carole,Sébastien,Sébastien Carole,1982-09-08,Right Winger,Attacking Midfielder,Right Midfield
CaseyGerry19410825,Casey,Gerry,Gerry Casey,1941-08-25,,,
CassidyJake19930209,Cassidy,Jake,Jake Cassidy,1993-02-09,Centre Forward,,
CassidyJames19110803,Cassidy,James,James Cassidy,1911-08-03,Centre Forward,,
CathalinaTimothy19850124,Cathalina,Timothy,Timothy Cathalina,1985-01-24,Right-Back,Centre-Back,
ChallinorDave19751002,Challinor,Dave,Dave Challinor,1975-10-02,Centre-Back,,
ChalmersLogan20000324,Chalmers,Logan,Logan Chalmers,2000-03-24,Left Winger,Right Winger,
ChapmanAaron19900529,Chapman,Aaron,Aaron Chapman,1990-05-29,Goalkeeper,,
ChorleyBen19820930,Chorley,Ben,Ben Chorley,1982-09-30,Centre-Back,Defensive Midfielder,
ClarkeEddie19981229,Clarke,Eddie,Eddie Clarke,1998-12-29,Left-Back,Left Midfield,Left Winger
ClarkePeter19820103,Clarke,Peter,Peter Clarke,1982-01-03,Centre-Back,,
ColeLarnell19930309,Cole,Larnell,Larnell Cole,1993-03-09,Right Midfield,Attacking Midfielder,Left Midfield
CollinsAaron19970527,Collins,Aaron,Aaron Collins,1997-05-27,Centre Forward,Right Winger,Left Winger
CollisterJoe19911215,Collister,Joe,Joe Collister,1991-12-15,Goalkeeper,,
ConnellySean19700626,Connelly,Sean,Sean Connelly,1970-06-26,Right-Back,,
ConroyBobby19290620,Conroy,Bobby,Bobby Conroy,1929-06-20,Left-Back,,
CookAndy19901018,Cook,Andy,Andy Cook,1990-10-18,Centre Forward,,
CookPaul19670222,Cook,Paul,Paul Cook,1967-02-22,Central Midfielder,Left Midfield,
CooperKevin19750208,Cooper,Kevin,Kevin Cooper,1975-02-08,Left Midfield,,
CooperSteve19640622,Cooper,Steve,Steve Cooper,1964-06-22,Centre Forward,,
CorryPaul19910203,Corry,Paul,Paul Corry,1991-02-03,Central Midfielder,Attacking Midfielder,Left Midfield
CoughlinAndy19930131,Coughlin,Andy,Andy Coughlin,1993-01-31,Goalkeeper,,
CourtneyJohn19940112,Courtney,John,John Courtney,1994-01-12,Goalkeeper,,
CoyneDanny19730827,Coyne,Danny,Danny Coyne,1973-08-27,Goalkeeper,,
CoyneTommy19621114,Coyne,Tommy,Tommy Coyne,1962-11-14,Centre Forward,,
CravenSteve19570917,Craven,Steve,Steve Craven,1957-09-17,,,
CrawfordAli19910730,Crawford,Ali,Ali Crawford,1991-07-30,Left Midfield,Central Midfielder,Attacking Midfielder
CresswellAaron19891215,Cresswell,Aaron,Aaron Cresswell,1989-12-15,Left-Back,Left Midfield,Centre-Back
CrossleyPaul19480714,Crossley,Paul,Paul Crossley,1948-07-14,Left Winger,,
CroughanTom19990919,Croughan,Tom,Tom Croughan,1999-09-19,Second Striker,Attacking Midfielder,Central Midfielder
CumbesJim19440504,Cumbes,Jim,Jim Cumbes,1944-05-04,Goalkeeper,,
CurranCraig19890823,Curran,Craig,Craig Curran,1989-08-23,Centre Forward,Second Striker,Right Winger
CurrieTony19500101,Currie,Tony,Tony Currie,1950-01-01,Attacking Midfielder,,
CurtisTom19730301,Curtis,Tom,Tom Curtis,1973-03-01,Central Midfielder,,
DacresCogleyJosh19960312,Dacres-Cogley,Josh,Josh Dacres-Cogley,1996-03-12,Right-Back,,
DadiEugene19730820,Dadi,Eugène,Eugène Dadi,1973-08-20,Centre Forward,,
DagnallChris19860415,Dagnall,Chris,Chris Dagnall,1986-04-15,Centre Forward,Second Striker,
DanielsDonervon19931124,Daniels,Donervon,Donervon Daniels,1993-11-24,Centre-Back,Right-Back,
DanielsLuke19880105,Daniels,Luke,Luke Daniels,1988-01-05,Goalkeeper,,
DannsNeil19821123,Danns,Neil,Neil Danns,1982-11-23,Central Midfielder,Left Midfield,Right Midfield
DarvilleLiam19901026,Darville,Liam,Liam Darville,1990-10-26,Right-Back,,
DaviesBen19950811,Davies,Ben,Ben Davies,1995-08-11,Centre-Back,Left-Back,
DaviesErnie19160131,Davies,Ernie,Ernie Davies,1916-01-31,,,
DaviesLiam19960702,Davies,Liam,Liam Davies,1996-07-02,Left Midfield,Left Winger,Right Midfield
DaviesMikey20040923,Davies,Mikey,Mikey Davies,2004-09-23,Left-Back,,
DaviesScott19870223,Davies,Scott,Scott Davies,1987-02-23,Goalkeeper,,
DaviesSteve19871229,Davies,Steve,Steve Davies,1987-12-29,Centre Forward,Left Winger,Right Winger
DaviesTom19920418,Davies,Tom,Tom Davies,1992-04-18,Centre-Back,,
DavisNeil19730815,Davis,Neil,Neil Davis,1973-08-15,Centre Forward,,
DavisonJosh19990916,Davison,Josh,Josh Davison,1999-09-16,Centre Forward,,
DawsonAdam19921005,Dawson,Adam,Adam Dawson,1992-10-05,Right Winger,Left Winger,
DayAlf19071002,Day,Alf,Alf Day,1907-10-02,,,
DellowRonnie19140713,Dellow,Ronnie,Ronnie Dellow,1914-07-13,Right Winger,,
DennisKristian19900312,Dennis,Kristian,Kristian Dennis,1990-03-12,Centre Forward,,
DevaneyMartin19800601,Devaney,Martin,Martin Devaney,1980-06-01,Right Midfield,Left Midfield,
DevineJames19990726,Devine,James,James Devine,1999-07-26,Central Midfielder,Defensive Midfielder,
DickovMax20020427,Dickov,Max,Max Dickov,2002-04-27,Centre Forward,,
DieseruvweEmmanuel19950220,Dieseruvwe,Emmanuel,Emmanuel Dieseruvwe,1995-02-20,Centre Forward,,
DockingStan19141213,Docking,Stan,Stan Docking,1914-12-13,,,
DonacienJanoi19931103,Donacien,Janoi,Janoi Donacien,1993-11-03,Centre-Back,Right-Back,
DonaldsonRyan19910501,Donaldson,Ryan,Ryan Donaldson,1991-05-01,Right Winger,Right Midfield,Left Winger
DonnellyGeorge19880528,Donnelly,George,George Donnelly,1988-05-28,Centre Forward,,
DonnellyRory19920218,Donnelly,Rory,Rory Donnelly,1992-02-18,Centre Forward,Right Winger,Left Winger
DoohanRoss19980329,Doohan,Ross,Ross Doohan,1998-03-29,Goalkeeper,,
DrysdaleDeclan19991114,Drysdale,Declan,Declan Drysdale,1999-11-14,Centre-Back,Defensive Midfielder,
DuffyMark19851007,Duffy,Mark,Mark Duffy,1985-10-07,Central Midfielder,Attacking Midfielder,Right Midfield
DugdaleAdam19870912,Dugdale,Adam,Adam Dugdale,1987-09-12,Centre-Back,Defensive Midfielder,
DugganMitch19970320,Duggan,Mitch,Mitch Duggan,1997-03-20,Centre-Back,Right-Back,Defensive Midfielder
DunnJack19941119,Dunn,Jack,Jack Dunn,1994-11-19,Second Striker,Left Winger,Right Winger
DwyerDylan20030906,Dwyer,Dylan,Dylan Dwyer,2003-09-06,Left-Back,,
EcclestonNathan19901230,Eccleston,Nathan,Nathan Eccleston,1990-12-30,Centre Forward,Right Winger,Left Winger
EddsGareth19810203,Edds,Gareth,Gareth Edds,1981-02-03,Defensive Midfielder,,
EdenBilly19050701,Eden,Billy,Billy Eden,1905-07-01,Left Winger,,
EdwardsChristian19751123,Edwards,Christian,Christian Edwards,1975-11-23,Centre-Back,,
EdwardsElfyn19600504,Edwards,Elfyn,Elfyn Edwards,1960-05-04,,,
EdwardsRyan19931007,Edwards,Ryan,Ryan Edwards,1993-10-07,Centre-Back,Right-Back,
EdwardsSteve19580111,Edwards,Steve,Steve Edwards,1958-01-11,,,
EganReuben20050727,Egan,Reuben,Reuben Egan,2005-07-27,Goalkeeper,,
ElfordAlliyuLateef19920601,Elford-Alliyu,Lateef,Lateef Elford-Alliyu,1992-06-01,Centre Forward,Left Winger,Right Winger
EllisMark19880930,Ellis,Mark,Mark Ellis,1988-09-30,Centre-Back,,
EllisonKevin19790223,Ellison,Kevin,Kevin Ellison,1979-02-23,Left Winger,Centre Forward,
EndersbyScott19620220,Endersby,Scott,Scott Endersby,1962-02-20,Goalkeeper,,
EvansClive19570501,Evans,Clive,Clive Evans,1957-05-01,Central Midfielder,,
FaceyDelroy19800422,Facey,Delroy,Delroy Facey,1980-04-22,Centre Forward,,
FaganKit19500605,Fagan,Kit,Kit Fagan,1950-06-05,Centre-Back,,
FaircloughDavid19570105,Fairclough,David,David Fairclough,1957-01-05,Centre Forward,,
FanimoMatthias19940128,Fanimo,Matthias,Matthias Fanimo,1994-01-28,Right Winger,Left Winger,
FarrimondSyd19400717,Farrimond,Syd,Syd Farrimond,1940-07-17,Left-Back,,
FeeneyLiam19870121,Feeney,Liam,Liam Feeney,1987-01-21,Right Midfield,Left Midfield,
FeeneyMorgan19990208,Feeney,Morgan,Morgan Feeney,1999-02-08,Centre-Back,,
FenelonShamir19940803,Fenelon,Shamir,Shamir Fenelon,1994-08-03,Centre Forward,Right Winger,Left Winger
FenwickScott19900409,Fenwick,Scott,Scott Fenwick,1990-04-09,Centre Forward,,
FergusonMark19601106,Ferguson,Mark,Mark Ferguson,1960-11-06,Centre Forward,,
FerrierMorgan19941115,Ferrier,Morgan,Morgan Ferrier,1994-11-15,Centre Forward,Left Winger,Right Winger
FeuerIan19710520,Feuer,Ian,Ian Feuer,1971-05-20,Goalkeeper,,
FinleySam19920804,Finley,Sam,Sam Finley,1992-08-04,Central Midfielder,Defensive Midfielder,Attacking Midfielder
FinneyKen19290310,Finney,Ken,Ken Finney,1929-03-10,Right Winger,,
FisherMax20031003,Fisher,Max,Max Fisher,2003-10-03,,,
FlemingJack19990110,Fleming,Jack,Jack Fleming,1999-01-10,Centre-Back,Left-Back,
FloodEddie19521119,Flood,Eddie,Eddie Flood,1952-11-19,Left-Back,Centre-Back,
FlowersGeorge19070507,Flowers,George,George Flowers,1907-05-07,,,
FlynnSean19680313,Flynn,Sean,Sean Flynn,1968-03-13,Central Midfielder,Central Midfielder,
FoleySam19861017,Foley,Sam,Sam Foley,1986-10-17,Central Midfielder,Left Midfield,Right Midfield
FonWilliamsOwain19870317,Fôn Williams,Owain,Owain Fôn Williams,1987-03-17,Goalkeeper,,
FosterStephen19800918,Foster,Stephen,Stephen Foster,1980-09-18,Centre-Back,,
FrailStephen19690810,Frail,Stephen,Stephen Frail,1969-08-10,Right-Back,Defensive Midfielder,Defensive Midfielder
FrancisSimon19850216,Francis,Simon,Simon Francis,1985-02-16,Right-Back,Centre-Back,
FraughanRyan19910211,Fraughan,Ryan,Ryan Fraughan,1991-02-11,Central Midfielder,Left Midfield,
GardnerDan19900405,Gardner,Dan,Dan Gardner,1990-04-05,Central Midfielder,Right Midfield,Left Midfield
GarnettShaun19691122,Garnett,Shaun,Shaun Garnett,1969-11-22,Centre-Back,,
GarrettJake20030310,Garrett,Jake,Jake Garrett,2003-03-10,Defensive Midfielder,Centre-Back,Left-Back
GeorgeShamal19980106,George,Shamal,Shamal George,1998-01-06,Goalkeeper,,
GibsonBen19930115,Gibson,Ben,Ben Gibson,1993-01-15,Centre-Back,,
GibsonNeil19791010,Gibson,Neil,Neil Gibson,1979-10-10,Central Midfielder,,
GillMatt19801108,Gill,Matt,Matt Gill,1980-11-08,Defensive Midfielder,Central Midfielder,
GillWayne19751128,Gill,Wayne,Wayne Gill,1975-11-28,Attacking Midfielder,,
GilmourHarvey19981215,Gilmour,Harvey,Harvey Gilmour,1998-12-15,Central Midfielder,Attacking Midfielder,Left Midfield
GinnellyJosh19970324,Ginnelly,Josh,Josh Ginnelly,1997-03-24,Left Winger,Right Winger,Centre Forward
GlatzelPaul20010220,Glatzel,Paul,Paul Glatzel,2001-02-20,Centre Forward,,
GnanduilletArmand19920213,Gnanduillet,Armand,Armand Gnanduillet,1992-02-13,Centre Forward,,
GolobartRoman19920321,Golobart,Román,Román Golobart,1992-03-21,Centre-Back,,
GoodisonIan19721121,Goodison,Ian,Ian Goodison,1972-11-21,Centre-Back,Right-Back,
GordonBen19910302,Gordon,Ben,Ben Gordon,1991-03-02,Left-Back,,
GornellTerry19891216,Gornell,Terry,Terry Gornell,1989-12-16,Centre Forward,Second Striker,
GouldbourneEthan20001010,Gouldbourne,Ethan,Ethan Gouldbourne,2000-10-10,Central Midfielder,,
GrandisonJermaine19901205,Grandison,Jermaine,Jermaine Grandison,1990-12-05,Centre-Back,,
GrantTony19741114,Grant,Tony,Tony Grant,1974-11-14,Defensive Midfielder,Central Midfielder,
GrayKevin19720107,Gray,Kevin,Kevin Gray,1972-01-07,Centre-Back,,
GreenDevarn19960826,Green,Devarn,Devarn Green,1996-08-26,Right Winger,Centre Forward,Left Winger
GreenGeorge19960102,Green,George,George Green,1996-01-02,Central Midfielder,Attacking Midfielder,
GreenacreChris19771223,Greenacre,Chris,Chris Greenacre,1977-12-23,Centre Forward,,
GriffithsIan19600417,Griffiths,Ian,Ian Griffiths,1960-04-17,Left Midfield,,
GriffithsJohn19160630,Griffiths,John,John Griffiths,1916-06-30,,,
GubbinsRalph19320131,Gubbins,Ralph,Ralph Gubbins,1932-01-31,Centre Forward,,
GulacsiPeter19900506,Gulácsi,Péter,Péter Gulácsi,1990-05-06,Goalkeeper,,
GumbsEvan19970721,Gumbs,Evan,Evan Gumbs,1997-07-21,Centre-Back,,
GunningGavin19910126,Gunning,Gavin,Gavin Gunning,1991-01-26,Centre-Back,Left-Back,Defensive Midfielder
HallPaul19720703,Hall,Paul,Paul Hall,1972-07-03,Centre Forward,Right Winger,
HamiltonDes19760815,Hamilton,Des,Des Hamilton,1976-08-15,Right Midfield,Central Midfielder,
HamiltonDuke19060327,Hamilton,Duke,Duke Hamilton,1906-03-27,,,
HarrisJay19870415,Harris,Jay,Jay Harris,1987-04-15,Central Midfielder,Attacking Midfielder,Defensive Midfielder
HarrisonDanny19821104,Harrison,Danny,Danny Harrison,1982-11-04,Central Midfielder,Defensive Midfielder,Centre-Back
HartJoe19870419,Hart,Joe,Joe Hart,1987-04-19,Goalkeeper,,
HarveyJimmy19580502,Harvey,Jimmy,Jimmy Harvey,1958-05-02,Central Midfielder,,
HateleyTom19890912,Hateley,Tom,Tom Hateley,1989-09-12,Defensive Midfielder,Right-Back,Central Midfielder
HawkesJosh19990128,Hawkes,Josh,Josh Hawkes,1999-01-28,Left Midfield,Central Midfielder,Attacking Midfielder
HaworthSimon19770330,Haworth,Simon,Simon Haworth,1977-03-30,Centre Forward,,
HayAlex19811014,Hay,Alex,Alex Hay,1981-10-14,Centre Forward,Right Winger,
HaydeKyle20010925,Hayde,Kyle,Kyle Hayde,2001-09-25,Right-Back,Left-Back,
HazellReuben19790424,Hazell,Reuben,Reuben Hazell,1979-04-24,Centre-Back,Right-Back,
HemmingsKane19910408,Hemmings,Kane,Kane Hemmings,1991-04-08,Centre Forward,Left Winger,Right Winger
HendryRegan19980121,Hendry,Regan,Regan Hendry,1998-01-21,Central Midfielder,Defensive Midfielder,Attacking Midfielder
HenryNick19690221,Henry,Nick,Nick Henry,1969-02-21,Central Midfielder,,
HenryPaul19880128,Henry,Paul,Paul Henry,1988-01-28,Defensive Midfielder,,
HepburnMurphyRushian19980828,Hepburn-Murphy,Rushian,Rushian Hepburn-Murphy,1998-08-28,Centre Forward,Second Striker,Right Winger
HeweltMateusz19960923,Hewelt,Mateusz,Mateusz Hewelt,1996-09-23,Goalkeeper,,
HicksonDave19291030,Hickson,Dave,Dave Hickson,1929-10-30,Centre Forward,,
HigdonMichael19830902,Higdon,Michael,Michael Higdon,1983-09-02,Centre Forward,Second Striker,Right Winger
HigginsDave19610819,Higgins,Dave,Dave Higgins,1961-08-19,Centre-Back,,
HilditchMark19600820,Hilditch,Mark,Mark Hilditch,1960-08-20,Centre Forward,,
HillClint19781019,Hill,Clint,Clint Hill,1978-10-19,Centre-Back,Left-Back,
HillMandy19400215,Hill,Mandy,Mandy Hill,1940-02-15,Right Winger,,
HillMatt19810326,Hill,Matt,Matt Hill,1981-03-26,Left-Back,,
HinchliffeBen19881009,Hinchliffe,Ben,Ben Hinchliffe,1988-10-09,Goalkeeper,,
HindsRichard19800822,Hinds,Richard,Richard Hinds,1980-08-22,Centre-Back,Right-Back,
HockenhullBen20010903,Hockenhull,Ben,Ben Hockenhull,2001-09-03,Centre-Back,,
HoganLiam19890208,Hogan,Liam,Liam Hogan,1989-02-08,Centre-Back,Right-Back,
HolmesDanny19890106,Holmes,Danny,Danny Holmes,1989-01-06,Right-Back,Left-Back,Centre-Back
HolnessMarcus19881208,Holness,Marcus,Marcus Holness,1988-12-08,Centre-Back,,
HorwoodEvan19860310,Horwood,Evan,Evan Horwood,1986-03-10,Left-Back,,
HotiFlorent20001211,Hoti,Florent,Florent Hoti,2000-12-11,Central Midfielder,Defensive Midfielder,Left Midfield
HowarthRussell19820327,Howarth,Russell,Russell Howarth,1982-03-27,Goalkeeper,,
HudsonGeorge19370314,Hudson,George,George Hudson,1937-03-14,Centre Forward,,
HughesJeff19850529,Hughes,Jeff,Jeff Hughes,1985-05-29,Central Midfielder,Left Midfield,Left-Back
HughesMark19620203,Hughes,Mark,Mark Hughes,1962-02-03,Centre-Back,Sweeper,
HughesRhys20010921,Hughes,Rhys,Rhys Hughes,2001-09-21,Attacking Midfielder,Left Winger,Central Midfielder
HugillJordan19920604,Hugill,Jordan,Jordan Hugill,1992-06-04,Centre Forward,,
HumeIain19831030,Hume,Iain,Iain Hume,1983-10-30,Centre Forward,,
IhiekweMichael19921120,Ihiekwe,Michael,Michael Ihiekwe,1992-11-20,Centre-Back,Right-Back,
IlesanmiSam19980713,Ilesanmi,Sam,Sam Ilesanmi,1998-07-13,Centre Forward,,
IronsKenny19701104,Irons,Kenny,Kenny Irons,1970-11-04,Attacking Midfielder,,
JacksonLouis20050918,Jackson,Louis,Louis Jackson,2005-09-18,Centre-Back,,
JacksonMarlon19901206,Jackson,Marlon,Marlon Jackson,1990-12-06,Centre Forward,Left Winger,Right Winger
JacksonMike19731204,Jackson,Mike,Mike Jackson,1973-12-04,Centre-Back,,
JacksonPeter19370123,Jackson,Peter,Peter Jackson,1937-01-23,Centre-Back,Defensive Midfielder,
JagoBen19960904,Jago,Ben,Ben Jago,1996-09-04,Right Midfield,Right-Back,
JahraldoMartinCalaum19930427,Jahraldo-Martin,Calaum,Calaum Jahraldo-Martin,1993-04-27,Right Winger,Left Winger,
JamesOliver19870113,James,Oliver,Oliver James,1987-01-13,Central Midfielder,Centre-Back,
JamesonKyle19980911,Jameson,Kyle,Kyle Jameson,1998-09-11,Centre-Back,Left-Back,
JenningsConnor19911029,Jennings,Connor,Connor Jennings,1991-10-29,Centre Forward,Left Winger,Right Winger
JenningsDale19921221,Jennings,Dale,Dale Jennings,1992-12-21,Left Winger,Centre Forward,Right Winger
JenningsSteven19841028,Jennings,Steven,Steven Jennings,1984-10-28,Central Midfielder,Defensive Midfielder,
JervisJake19910917,Jervis,Jake,Jake Jervis,1991-09-17,Centre Forward,Right Winger,Left Winger
JobsonRichard19630509,Jobson,Richard,Richard Jobson,1963-05-09,Centre-Back,,
JohnsonDanny19930228,Johnson,Danny,Danny Johnson,1993-02-28,Centre Forward,,
JohnsonDickie19530220,Johnson,Dickie,Dickie Johnson,1953-02-20,Goalkeeper,,
JohnsonJohn19880916,Johnson,John,John Johnson,1988-09-16,Centre-Back,Right-Back,
JohnstonMichael19871216,Johnston,Michael,Michael Johnston,1987-12-16,Centre-Back,Left-Back,Right-Back
JolleyCharlie20010113,Jolley,Charlie,Charlie Jolley,2001-01-13,Centre Forward,,
JonesAndrai19920101,Jones,Andrai,Andrai Jones,1992-01-01,Attacking Midfielder,Central Midfielder,Right Midfield
JonesBen20001129,Jones,Ben,Ben Jones,2000-11-29,Goalkeeper,,
JonesEthan19980404,Jones,Ethan,Ethan Jones,1998-04-04,Centre Forward,,
JonesEthan20041016,Jones,Ethan,Ethan Jones,2004-10-16,Central Midfielder,Attacking Midfielder,
JonesGary19750510,Jones,Gary,Gary Jones,1975-05-10,Central Midfielder,Striker,Centre-Back
JonesGwyn19120221,Jones,Gwyn,Gwyn Jones,1912-02-21,,,
JonesLee19730529,Jones,Lee,Lee Jones,1973-05-29,Centre Forward,Right Winger,
JonesLes19401109,Jones,Les,Les Jones,1940-11-09,Second Striker,,
JonesMike19870815,Jones,Mike,Mike Jones,1987-08-15,Central Midfielder,Left Midfield,Right Midfield
KaneOusmane20010723,Kané,Ousmane,Ousmane Kané,2001-07-23,Defensive Midfielder,Central Midfielder,
KayAntony19821021,Kay,Antony,Antony Kay,1982-10-21,Defensive Midfielder,Centre-Back,Central Midfielder
KayJosh19970130,Kay,Josh,Josh Kay,1997-01-30,Left Midfield,Central Midfielder,Right Midfield
KayMichael19890912,Kay,Michael,Michael Kay,1989-09-12,Right-Back,Centre-Back,
KearnsJack19140104,Kearns,Jack,Jack Kearns,1914-01-04,,,
KellyDavid19651125,Kelly,David,David Kelly,1965-11-25,Centre Forward,,
KennaJeff19700827,Kenna,Jeff,Jeff Kenna,1970-08-27,Right-Back,,
KennedyMatthew19941101,Kennedy,Matthew,Matthew Kennedy,1994-11-01,Left Winger,Right Winger,Centre Forward
KennedyPeter,Kennedy,Peter,Peter Kennedy,,Goalkeeper,,
KenworthyJon19740818,Kenworthy,Jon,Jon Kenworthy,1974-08-18,,,
KerrJohn19591123,Kerr,John,John Kerr,1959-11-23,Centre Forward,,
KhanOtis19950905,Khan,Otis,Otis Khan,1995-09-05,Left Winger,Right Midfield,Left Midfield
KhanSaidou19951205,Khan,Saidou,Saidou Khan,1995-12-05,Central Midfielder,Left Midfield,Attacking Midfielder
KingAlan19450118,King,Alan,Alan King,1945-01-18,Centre-Back,Defensive Midfielder,
KingJohnny19380415,King,Johnny,Johnny King,1938-04-15,Central Midfielder,,
KirbyJake19940509,Kirby,Jake,Jake Kirby,1994-05-09,Right Midfield,Left Midfield,
KirbyNya20000131,Kirby,Nya,Nya Kirby,2000-01-31,Central Midfielder,Attacking Midfielder,Left Midfield
KnightPercivalNat19870331,Knight-Percival,Nat,Nat Knight-Percival,1987-03-31,Centre-Back,Left-Back,
KoumasJason19790925,Koumas,Jason,Jason Koumas,1979-09-25,Attacking Midfielder,Left Winger,Right Winger
KubickiDariusz19630606,Kubicki,Dariusz,Dariusz Kubicki,1963-06-06,Right-Back,Left-Back,
LabadieJoss19900830,Labadie,Joss,Joss Labadie,1990-08-30,Central Midfielder,Defensive Midfielder,Attacking Midfielder
LaceyLuis20050109,Lacey,Luis,Luis Lacey,2005-01-09,Left-Back,Left Winger,Central Midfielder
LairdMarc19860123,Laird,Marc,Marc Laird,1986-01-23,Central Midfielder,Defensive Midfielder,Left Midfield
LawrenceTommy19400514,Lawrence,Tommy,Tommy Lawrence,1940-05-14,Goalkeeper,,
LeakeJake20030220,Leake,Jake,Jake Leake,2003-02-20,Left-Back,,
LewisNorman19080613,Lewis,Norman,Norman Lewis,1908-06-13,Goalkeeper,,
LewisPaul19941217,Lewis,Paul,Paul Lewis,1994-12-17,Central Midfielder,Attacking Midfielder,Right Midfield
LeylandHarry19300512,Leyland,Harry,Harry Leyland,1930-05-12,Goalkeeper,,
LinwoodPaul19831024,Linwood,Paul,Paul Linwood,1983-10-24,Centre-Back,,
LloydDanny19911203,Lloyd,Danny,Danny Lloyd,1991-12-03,Centre Forward,Right Winger,Left Winger
LoganShaleum19880129,Logan,Shaleum,Shaleum Logan,1988-01-29,Right-Back,Right Midfield,Left-Back
LomaxArthur20040517,Lomax,Arthur,Arthur Lomax,2004-05-17,Attacking Midfielder,Right Midfield,Left Midfield
LongNick20010110,Long,Nick,Nick Long,2001-01-10,Centre-Back,,
LoranTyrone19810629,Loran,Tyrone,Tyrone Loran,1981-06-29,Right-Back,Centre-Back,
LoweRyan19780918,Lowe,Ryan,Ryan Lowe,1978-09-18,Centre Forward,Second Striker,Right Winger
LoydenEddie19451222,Loyden,Eddie,Eddie Loyden,1945-12-22,Centre Forward,,
LucyCallum19981109,Lucy,Callum,Callum Lucy,1998-11-09,Central Midfielder,Attacking Midfielder,Defensive Midfielder
LumbyJim19541002,Lumby,Jim,Jim Lumby,1954-10-02,,,
MacDonaldCalum19971218,MacDonald,Calum,Calum MacDonald,1997-12-18,Left-Back,,
MacauleyJosh19910302,Macauley,Josh,Josh Macauley,1991-03-02,Centre Forward,,
MackrethJack19920413,Mackreth,Jack,Jack Mackreth,1992-04-13,Right Midfield,Central Midfielder,
MaddoxJacob19981103,Maddox,Jacob,Jacob Maddox,1998-11-03,Attacking Midfielder,Right Midfield,Left Midfield
MadjoGuy19840601,Madjo,Guy,Guy Madjo,1984-06-01,Centre Forward,,
MaguireJoe19960118,Maguire,Joe,Joe Maguire,1996-01-18,Left-Back,Centre-Back,Right-Back
MarosiMarko19931023,Marosi,Marko,Marko Marosi,1993-10-23,Goalkeeper,,
MaherBen19950928,Maher,Ben,Ben Maher,1995-09-28,Central Midfielder,Centre Forward,Right-Back
MahonAlan19780404,Mahon,Alan,Alan Mahon,1978-04-04,Left Midfield,Attacking Midfielder,
MalkinChris19670604,Malkin,Chris,Chris Malkin,1967-06-04,Centre Forward,,
ManganAndy19860830,Mangan,Andy,Andy Mangan,1986-08-30,Centre Forward,Right Winger,Left Winger
MantomSam19920220,Mantom,Sam,Sam Mantom,1992-02-20,Central Midfielder,Defensive Midfielder,
MargettsJohnny19930928,Margetts,Johnny,Johnny Margetts,1993-09-28,Centre Forward,Second Striker,
MartinBarrie19350929,Martin,Barrie,Barrie Martin,1935-09-29,Left-Back,,
MartinDavid19860122,Martin,David,David Martin,1986-01-22,Goalkeeper,,
MartindaleDave19640409,Martindale,Dave,Dave Martindale,1964-04-09,Central Midfielder,Defensive Midfielder,
MatherSam20040903,Mather,Sam,Sam Mather,2004-09-03,Left Winger,Attacking Midfielder,Right Winger
MathiasRay19461213,Mathias,Ray,Ray Mathias,1946-12-13,Right-Back,,
MatiasPedroMiguel19731011,Matias,Pedro Miguel,Pedro Miguel Matias,1973-10-11,Left Winger,,
MaynardLois19890122,Maynard,Lois,Lois Maynard,1989-01-22,Defensive Midfielder,Central Midfielder,Centre-Back
MaynardNicky19861211,Maynard,Nicky,Nicky Maynard,1986-12-11,Centre Forward,Left Winger,Right Winger
MayorDanny19901018,Mayor,Danny,Danny Mayor,1990-10-18,Central Midfielder,Left Midfield,Attacking Midfielder
McAlearReece20020212,McAlear,Reece,Reece McAlear,2002-02-12,Central Midfielder,Defensive Midfielder,
McAteerJason19710618,McAteer,Jason,Jason McAteer,1971-06-18,Right Midfield,Right-Back,Central Midfielder
McAuleyHughie19530108,McAuley,Hughie,Hughie McAuley,1953-01-08,Left Winger,,
McCarrickMark19620204,McCarrick,Mark,Mark McCarrick,1962-02-04,Left-Back,,
McChrystalMark19840626,McChrystal,Mark,Mark McChrystal,1984-06-26,Centre-Back,,
McCreadyChris19810905,McCready,Chris,Chris McCready,1981-09-05,Centre-Back,Left-Back,Right-Back
McCulloughLuke19940215,McCullough,Luke,Luke McCullough,1994-02-15,Centre-Back,Defensive Midfielder,Right-Back
McDonaghGerry19980214,McDonagh,Gerry,Gerry McDonagh,1998-02-14,Centre Forward,,
McDonaldClayton19881206,McDonald,Clayton,Clayton McDonald,1988-12-06,Centre-Back,,
McEveleyJames19850211,McEveley,James,James McEveley,1985-02-11,Centre-Back,Left-Back,
McGaheyHarrison19950926,McGahey,Harrison,Harrison McGahey,1995-09-26,Centre-Back,Right-Back,
McGeeLuke19950902,McGee,Luke,Luke McGee,1995-09-02,Goalkeeper,,
McGibbonPat19730906,McGibbon,Pat,Pat McGibbon,1973-09-06,Centre-Back,,
McGintySean19930811,McGinty,Sean,Sean McGinty,1993-08-11,Centre-Back,Left-Back,
McGrealJohn19720602,McGreal,John,John McGreal,1972-06-02,Centre-Back,,
McGuireJamie19831113,McGuire,Jamie,Jamie McGuire,1983-11-13,Central Midfielder,Defensive Midfielder,
McGurkAdam19890124,McGurk,Adam,Adam McGurk,1989-01-24,Centre Forward,Left Winger,Right Winger
McIntyreKevin19771223,McIntyre,Kevin,Kevin McIntyre,1977-12-23,Left-Back,Central Midfielder,
McLarenPaul19761117,McLaren,Paul,Paul McLaren,1976-11-17,Central Midfielder,,
McManamanCallum19910425,McManaman,Callum,Callum McManaman,1991-04-25,Right Winger,Left Winger,Second Striker
McNabNeil19570604,McNab,Neil,Neil McNab,1957-06-04,Right Midfield,Central Midfielder,Left Midfield
McNultyJim19850213,McNulty,Jim,Jim McNulty,1985-02-13,Centre-Back,Left-Back,
McNultySteve19830926,McNulty,Steve,Steve McNulty,1983-09-26,Centre-Back,,
McPakeJosh20010831,McPake,Josh,Josh McPake,2001-08-31,Right Midfield,Right Winger,Left Winger
McWeeneyShane19891014,McWeeney,Shane,Shane McWeeney,1989-10-14,Goalkeeper,,
MekkiAdam19911224,Mekki,Adam,Adam Mekki,1991-12-24,Left Midfield,Right Midfield,Attacking Midfielder
MellonMicky19720318,Mellon,Micky,Micky Mellon,1972-03-18,Central Midfielder,Left Midfield,
MendyArnaud19900210,Mendy,Arnaud,Arnaud Mendy,1990-02-10,Central Midfielder,Centre-Back,Right Midfield
MerrieChris19981102,Merrie,Chris,Chris Merrie,1998-11-02,Central Midfielder,Defensive Midfielder,
MillerIshmael19870305,Miller,Ishmael,Ishmael Miller,1987-03-05,Centre Forward,,
MiottoSimon19690905,Miotto,Simon,Simon Miotto,1969-09-05,Goalkeeper,,
MolyneuxFred19440725,Molyneux,Fred,Fred Molyneux,1944-07-25,Centre-Back,,
MolyneuxLee19890224,Molyneux,Lee,Lee Molyneux,1989-02-24,Left Midfield,Left-Back,Central Midfielder
MontheEmmanuel19950126,Monthe,Emmanuel,Emmanuel Monthe,1995-01-26,Centre-Back,Left-Back,
MooneyJason19890226,Mooney,Jason,Jason Mooney,1989-02-26,Goalkeeper,,
MooneyKevin19590823,Mooney,Kevin,Kevin Mooney,1959-08-23,Centre-Back,,
MooreMalcolm19481218,Moore,Malcolm,Malcolm Moore,1948-12-18,Centre Forward,,
MooreRonnie19530129,Moore,Ronnie,Ronnie Moore,1953-01-29,Centre Forward,,
MoranAndy19791007,Moran,Andy,Andy Moran,1979-10-07,Centre Forward,,
MorganAlan19731102,Morgan,Alan,Alan Morgan,1973-11-02,Central Midfielder,,
MorrisCallum19920901,Morris,Callum,Callum Morris,1992-09-01,Central Midfielder,Right Midfield,Attacking Midfielder
MorrisKieron19940603,Morris,Kieron,Kieron Morris,1994-06-03,Right Midfield,Left Winger,Attacking Midfielder
MorrisseyJohnny19650308,Morrissey,Johnny,Johnny Morrissey,1965-03-08,Right Winger,Left Winger,
MorrowSam19850303,Morrow,Sam,Sam Morrow,1985-03-03,Centre Forward,,
MottleyHenryDylan19970802,Mottley-Henry,Dylan,Dylan Mottley-Henry,1997-08-02,Right Midfield,Left Midfield,Attacking Midfielder
MuirIan19630505,Muir,Ian,Ian Muir,1963-05-05,Second Striker,Attacking Midfielder,
MullinJohn19750811,Mullin,John,John Mullin,1975-08-11,Right Winger,,
MullinPaul19941106,Mullin,Paul,Paul Mullin,1994-11-06,Centre Forward,Second Striker,Right Winger
MumbongoJoel19990109,Mumbongo,Joel,Joel Mumbongo,1999-01-09,Centre Forward,,
MungallSteve19580522,Mungall,Steve,Steve Mungall,1958-05-22,Right-Back,Centre-Back,
MurphyJoe19810821,Murphy,Joe,Joe Murphy,1981-08-21,Goalkeeper,,
MurrayMatt19810502,Murray,Matt,Matt Murray,1981-05-02,Goalkeeper,,
MusuambaHarrison20020520,Musuamba,Harrison,Harrison Musuamba,2002-05-20,,,
MyhreThomas19731016,Myhre,Thomas,Thomas Myhre,1973-10-16,Goalkeeper,,
MyrieWilliamsJennison19880517,Myrie-Williams,Jennison,Jennison Myrie-Williams,1988-05-17,Right Winger,Left Winger,
NDiayeSeyni19730601,N'Diaye,Seyni,Seyni N'Diaye,1973-06-01,Centre Forward,,
NavarroAlan19810531,Navarro,Alan,Alan Navarro,1981-05-31,Defensive Midfielder,Central Midfielder,Left Midfield
NegruStephan20020724,Negru,Stephen,Stephan Negru,2002-07-24,Centre-Back,,
NeillTommy19301003,Neill,Tommy,Tommy Neill,1930-10-03,Central Midfielder,,
NelsonSid19960101,Nelson,Sid,Sid Nelson,1996-01-01,Centre-Back,Right-Back,
NevinPat19630906,Nevin,Pat,Pat Nevin,1963-09-06,Right Winger,Left Winger,Centre Forward
NevittElliott19961030,Nevitt,Elliott,Elliott Nevitt,1996-10-30,Centre Forward,,
NicholsonShane19700603,Nicholson,Shane,Shane Nicholson,1970-06-03,Left-Back,,
NielsenGunnar19861007,Nielsen,Gunnar,Gunnar Nielsen,1986-10-07,Goalkeeper,,
NixonEric19621004,Nixon,Eric,Eric Nixon,1962-10-04,Goalkeeper,,
NolanIan19700709,Nolan,Ian,Ian Nolan,1970-07-09,Right-Back,Left-Back,Centre-Back
NolanJon19920422,Nolan,Jon,Jon Nolan,1992-04-22,Central Midfielder,Attacking Midfielder,Defensive Midfielder
NorburnOliver19921026,Norburn,Oliver,Oliver Norburn,1992-10-26,Central Midfielder,Defensive Midfielder,
NormanCameron19951012,Norman,Cameron,Cameron Norman,1995-10-12,Right-Back,Centre-Back,Left-Back
NorrisJames20030404,Norris,James,James Norris,2003-04-04,Left-Back,Left Midfield,Central Midfielder
NorrisLuke19930603,Norris,Luke,Luke Norris,1993-06-03,Centre Forward,,
NorwoodJames19900905,Norwood,James,James Norwood,1990-09-05,Centre Forward,Right Winger,Left Winger
NugentDavid19850502,Nugent,David,David Nugent,1985-05-02,Centre Forward,,
NugentGeorge20011204,Nugent,George,George Nugent,2001-12-04,Central Midfielder,Right-Back,Right Midfield
OBrienLiam19640905,O'Brien,Liam,Liam O'Brien,1964-09-05,Defensive Midfielder,Central Midfielder,
OCallaghanGeorge19790905,O'Callaghan,George,George O'Callaghan,1979-09-05,Attacking Midfielder,,
OConnorLee20000728,O'Connor,Lee,Lee O'Connor,2000-07-28,Right-Back,Defensive Midfielder,Centre-Back
OHalloranMichael19910106,O'Halloran,Michael,Michael O'Halloran,1991-01-06,Right Winger,Left Winger,Centre Forward
OLearyStephen19870202,O'Leary,Stephen,Stephen O'Leary,1987-02-02,Central Midfielder,,
ONeilTommy19521025,O'Neil,Tommy,Tommy O'Neil,1952-10-25,Right-Back,,
ONeillLuke19910820,O'Neill,Luke,Luke O'Neill,1991-08-20,Right-Back,Centre-Back,
ObieroZech20050127,Obiero,Zech,Zech Obiero,2005-01-27,Central Midfielder,Attacking Midfielder,
ObreyAlf19120603,Obrey,Alf,Alf Obrey,1912-06-03,,,
OdejayiKayode19820221,Odejayi,Kayode,Kayode Odejayi,1982-02-21,Centre Forward,,
OlsenJames19811023,Olsen,James,James Olsen,1981-10-23,Left-Back,Left Midfield,
OmotolaTolani19980416,Omotola,Tolani,Tolani Omotola,1998-04-16,Centre Forward,,
OnuoraIffy19670728,Onuora,Iffy,Iffy Onuora,1967-07-28,Centre Forward,,
OsbornSimon19720119,Osborn,Simon,Simon Osborn,1972-01-19,Central Midfielder,,
OsborneElliot19960512,Osborne,Elliot,Elliot Osborne,1996-05-12,Central Midfielder,Central Midfielder,
OtsemoborJon19830323,Otsemobor,Jon,Jon Otsemobor,1983-03-23,Right-Back,Centre-Back,
PalethorpePhil19860917,Palethorpe,Phil,Phil Palethorpe,1986-09-17,Goalkeeper,,
PaliosMark19521109,Palios,Mark,Mark Palios,1952-11-09,,,
PalmerLiam19910919,Palmer,Liam,Liam Palmer,1991-09-19,Right-Back,Centre-Back,Defensive Midfielder
ParkinsonAndy19790527,Parkinson,Andy,Andy Parkinson,1979-05-27,Right Winger,Attacking Midfielder,
ParryLes19531113,Parry,Les,Les Parry,1953-11-13,Centre-Back,,
PassantBayleigh20001129,Passant,Bayleigh,Bayleigh Passant,2000-11-29,Goalkeeper,,
PatrickOmari19960524,Patrick,Omari,Omari Patrick,1996-05-24,Left Winger,Centre Forward,Right Winger
PayneStefan19910810,Payne,Stefan,Stefan Payne,1991-08-10,Centre Forward,Right Winger,Left Winger
PenningtonMatthew19941006,Pennington,Matthew,Matthew Pennington,1994-10-06,Centre-Back,Right-Back,
PeplowSteve19490108,Peplow,Steve,Steve Peplow,1949-01-08,Right Midfield,,
PerfectFrank19150309,Perfect,Frank,Frank Perfect,1915-03-09,,,
PerkinsDavid19820621,Perkins,David,David Perkins,1982-06-21,Central Midfielder,Defensive Midfielder,Left Midfield
PetersonKristoffer19941128,Peterson,Kristoffer,Kristoffer Peterson,1994-11-28,Left Winger,Right Winger,Centre Forward
PikeDan20020109,Pike,Dan,Dan Pike,2002-01-09,Right-Back,Left-Back,
PikeMartin19641021,Pike,Martin,Martin Pike,1964-10-21,Left-Back,Right-Back,Left Midfield
PillingLuke19970725,Pilling,Luke,Luke Pilling,1997-07-25,Goalkeeper,,
PlantJames20041103,Plant,James,James Plant,2004-11-03,Left Midfield,Right Midfield,Left-Back
PonticelliJordan19980910,Ponticelli,Jordan,Jordan Ponticelli,1998-09-10,Centre Forward,,
PostlewhiteDennis19571013,Postlewhite,Dennis,Dennis Postlewhite,1957-10-13,Centre-Back,,
PotterDarren19841221,Potter,Darren,Darren Potter,1984-12-21,Central Midfielder,Defensive Midfielder,
PowellNeville19630902,Powell,Neville,Neville Powell,1963-09-02,Right Midfield,,
PowerMax19930727,Power,Max,Max Power,1993-07-27,Central Midfielder,Defensive Midfielder,Right-Back
PriceJason19770412,Price,Jason,Jason Price,1977-04-12,Centre Forward,Right Winger,
PringleBen19890725,Pringle,Ben,Ben Pringle,1989-07-25,Left Midfield,Right Midfield,Central Midfielder
PritchardJoe19430904,Pritchard,Joe,Joe Pritchard,1943-09-04,Central Midfielder,,
ProctorMark19610130,Proctor,Mark,Mark Proctor,1961-01-30,,,
ProudlockAdam19810509,Proudlock,Adam,Adam Proudlock,1981-05-09,Centre Forward,,
RachubkaPaul19810521,Rachubka,Paul,Paul Rachubka,1981-05-21,Goalkeeper,,
RalphAndy19830528,Ralph,Andy,Andy Ralph,1983-05-28,Goalkeeper,,
RalphAndy19830528,Ralph,Andy,Andy Ralph,1983-05-28,Goalkeeper,,
RamsbottomSam19960403,Ramsbottom,Sam,Sam Ramsbottom,1996-04-03,Goalkeeper,,
RankineMark19690930,Rankine,Mark,Mark Rankine,1969-09-30,Central Midfielder,,
RavenDavid19850310,Raven,David,David Raven,1985-03-10,Right-Back,Centre-Back,
RayGeorge19931013,Ray,George,George Ray,1993-10-13,Centre-Back,,
RichardsEliot19910910,Richards,Eliot,Eliot Richards,1991-09-10,Attacking Midfielder,Central Midfielder,Centre Forward
RickettsMichael19781204,Ricketts,Michael,Michael Ricketts,1978-12-04,Centre Forward,,
RidehalghLiam19910420,Ridehalgh,Liam,Liam Ridehalgh,1991-04-20,Left-Back,Centre-Back,
RideoutPaul19640814,Rideout,Paul,Paul Rideout,1964-08-14,Centre Forward,,
RileyMartin19861205,Riley,Martin,Martin Riley,1986-12-05,Centre-Back,,
RobertsGareth19780206,Roberts,Gareth,Gareth Roberts,1978-02-06,Left-Back,,
RobertsonTeddie19351219,Robertson,Teddie,Teddie Robertson,1935-12-19,Right-Back,,
RobinsonAndy19791103,Robinson,Andy,Andy Robinson,1979-11-03,Left Midfield,Right Midfield,Central Midfielder
RobinsonLuke20011120,Robinson,Luke,Luke Robinson,2001-11-20,Left-Back,,
RobinsonMarvin19800411,Robinson,Marvin,Marvin Robinson,1980-04-11,Centre Forward,,
RobsonConor20030921,Robson,Conor,Conor Robson,2003-09-21,Goalkeeper,,
RodawayBilly19540926,Rodaway,Billy,Billy Rodaway,1954-09-26,Centre-Back,,
RogersAlan19770103,Rogers,Alan,Alan Rogers,1977-01-03,Left-Back,Left Midfield,Left Winger
RokkaElliot19960316,Rokka,Elliot,Elliot Rokka,1996-03-16,Centre Forward,Right Winger,Left Winger
RoweJames19911021,Rowe,James,James Rowe,1991-10-21,Central Midfielder,Right Midfield,Left Midfield
RoyJack19140323,Roy,Jack,Jack Roy,1914-03-23,,,
RussellAlex19440221,Russell,Alex,Alex Russell,1944-02-21,,,
RussellCraig19740204,Russell,Craig,Craig Russell,1974-02-04,Centre Forward,,
SantosGeorges19700815,Santos,Georges,Georges Santos,1970-08-15,Centre-Back,,
SaundersHarvey19970720,Saunders,Harvey,Harvey Saunders,1997-07-20,Centre Forward,,
SavageBas19820107,Savage,Bas,Bas Savage,1982-01-07,Centre Forward,Right Winger,
SeremetDino19800816,Seremet,Dino,Dino Seremet,1980-08-16,Goalkeeper,,
SharpsIan19801023,Sharps,Ian,Ian Sharps,1980-10-23,Centre-Back,,
ShepherdPaul19771117,Shepherd,Paul,Paul Shepherd,1977-11-17,Right-Back,Centre Forward,
ShottonRyan19881030,Shotton,Ryan,Ryan Shotton,1988-10-30,Centre-Back,Right-Back,
ShowunmiEnoch19820421,Showunmi,Enoch,Enoch Showunmi,1982-04-21,Centre Forward,,
ShukerChris19820509,Shuker,Chris,Chris Shuker,1982-05-09,Right Midfield,Left Midfield,
SidibeMamady19791218,Sidibé,Mamady,Mamady Sidibé,1979-12-18,Centre Forward,,
SimeuDynel20020313,Simeu,Dynel,Dynel Simeu,2002-03-13,Centre-Back,Right-Back,
SimonsenSteve19790403,Simonsen,Steve,Steve Simonsen,1979-04-03,Goalkeeper,,
SinnottLewis20020304,Sinnott,Lewis,Lewis Sinnott,2002-03-04,Right-Back,Left-Back,
SmithDerek19460705,Smith,Derek,Derek Smith,1946-07-05,Centre-Back,Centre Forward,
SmithJohn19700723,Smith,John,John Smith,1970-07-23,Right-Back,,
SmithJonny19970728,Smith,Jonny,Jonny Smith,1997-07-28,Right Winger,Left Winger,
SmithSam19980308,Smith,Sam,Sam Smith,1998-03-08,Centre Forward,Right Winger,
SodjeAkpo19800131,Sodje,Akpo,Akpo Sodje,1980-01-31,Centre Forward,,
SolomonDaviesJosh19991120,Solomon-Davies,Josh,Josh Solomon-Davies,1999-11-20,Right-Back,,
SolomonSol20010317,Solomon,Sol,Sol Solomon,2001-03-17,Centre Forward,Left Winger,
SonkoEdrissa19800323,Sonko,Edrissa,Edrissa Sonko,1980-03-23,Right Winger,Attacking Midfielder,
SordellMarvin19910217,Sordell,Marvin,Marvin Sordell,1991-02-17,Centre Forward,Right Winger,
SousaErico19950312,Sousa,Érico,Érico Sousa,1995-03-12,Left Winger,Right Winger,
SpearingJay19881125,Spearing,Jay,Jay Spearing,1988-11-25,Defensive Midfielder,Central Midfielder,
SpellmanCarl20001106,Spellman,Carl,Carl Spellman,2000-11-06,Central Midfielder,Defensive Midfielder,
StarbuckJoseph20020803,Starbuck,Joseph,Joseph Starbuck,2002-08-03,Right-Back,Right Midfield,
SteelJim19591204,Steel,Jim,Jim Steel,1959-12-04,Centre Forward,,
StephensonDarren19930306,Stephenson,Darren,Darren Stephenson,1993-03-06,Centre Forward,Left Winger,Left Midfield
StevensDennis19331130,Stevens,Dennis,Dennis Stevens,1933-11-30,Centre Forward,,
StevensGary19630327,Stevens,Gary,Gary Stevens,1963-03-27,Right-Back,,
StevensonWillie19391026,Stevenson,Willie,Willie Stevenson,1939-10-26,Central Midfielder,Centre-Back,Left Midfield
StockdaleRobbie19791130,Stockdale,Robbie,Robbie Stockdale,1979-11-30,Right-Back,,
StocktonCole19940313,Stockton,Cole,Cole Stockton,1994-03-13,Centre Forward,,
StortonStan19390105,Storton,Stan,Stan Storton,1939-01-05,Right-Back,,
StortonTrevor19491126,Storton,Trevor,Trevor Storton,1949-11-26,Centre-Back,,
StratulisRyan20030418,Stratulis,Ryan,Ryan Stratulis,2003-04-18,Attacking Midfielder,,
SummerbeeNicky19710826,Summerbee,Nicky,Nicky Summerbee,1971-08-26,Right-Back,Central Midfielder,Right Winger
SuttonRitchie19860429,Sutton,Ritchie,Ritchie Sutton,1986-04-29,Centre-Back,Right-Back,
TaylorAndy19860314,Taylor,Andy,Andy Taylor,1986-03-14,Left-Back,Centre-Back,
TaylorAsh19900902,Taylor,Ash,Ash Taylor,1990-09-02,Centre-Back,Defensive Midfielder,
TaylorFletcherGary19810604,Taylor-Fletcher,Gary,Gary Taylor-Fletcher,1981-06-04,Right Winger,Centre Forward,Left Winger
TaylorGareth19730225,Taylor,Gareth,Gareth Taylor,1973-02-25,Centre Forward,,
TaylorRhys19900407,Taylor,Rhys,Rhys Taylor,1990-04-07,Goalkeeper,,
TaylorRob19850116,Taylor,Rob,Rob Taylor,1985-01-16,Left-Back,Left Midfield,
TaylorRyan19840819,Taylor,Ryan,Ryan Taylor,1984-08-19,Right-Back,Left-Back,Defensive Midfielder
TaylorSamuel20031223,Taylor,Samuel,Samuel Taylor,2003-12-23,Centre Forward,,
TaylorScott19760505,Taylor,Scott,Scott Taylor,1976-05-05,Centre Forward,,
TealeShaun19640310,Teale,Shaun,Shaun Teale,1964-03-10,Centre-Back,,
ThomasMooreIan19760826,Thomas-Moore,Ian,Ian Thomas-Moore,1976-08-26,Centre Forward,,
ThomasTony19710712,Thomas,Tony,Tony Thomas,1971-07-12,Right-Back,,
ThompsonAndy19671109,Thompson,Andy,Andy Thompson,1967-11-09,Left-Back,,
ThompsonBailey20010607,Thompson,Bailey,Bailey Thompson,2001-06-07,Centre Forward,,
ThompsonJoe19890305,Thompson,Joe,Joe Thompson,1989-03-05,Right Midfield,Right Winger,Left Midfield
ThompsonJohn19811012,Thompson,John,John Thompson,1981-10-12,Right-Back,Centre-Back,Right Midfield
ThompsonJosh19910225,Thompson,Josh,Josh Thompson,1991-02-25,Centre-Back,,
ThornAndy19661112,Thorn,Andy,Andy Thorn,1966-11-12,Centre-Back,,
ThorntonSean19830518,Thornton,Sean,Sean Thornton,1983-05-18,Central Midfielder,,
TimlinJamie20030916,Timlin,Jamie,Jamie Timlin,2003-09-16,Centre Forward,,
TiryakiMustafa19870302,Tiryaki,Mustafa,Mustafa Tiryaki,1987-03-02,Centre Forward,,
TollittBen19941130,Tollitt,Ben,Ben Tollitt,1994-11-30,Right Midfield,Left Midfield,
TomlinsonBen19891031,Tomlinson,Ben,Ben Tomlinson,1989-10-31,Centre Forward,Left Winger,Right Winger
TrainRay19510210,Train,Ray,Ray Train,1951-02-10,Defensive Midfielder,,
TraoreDrissa19920325,Traoré,Drissa,Drissa Traoré,1992-03-25,Central Midfielder,Defensive Midfielder,
TremarcoCarl19851011,Tremarco,Carl,Carl Tremarco,1985-10-11,Left-Back,,
TurnbullJordan19941030,Turnbull,Jordan,Jordan Turnbull,1994-10-30,Centre-Back,Left-Back,Defensive Midfielder
TurnerCookeJay20031231,Turner-Cooke,Jay,Jay Turner-Cooke,2003-12-31,Attacking Midfielder,Central Midfielder,Right Midfield
TurnerIain19840126,Turner,Iain,Iain Turner,1984-01-26,Goalkeeper,,
TynanTommy19551117,Tynan,Tommy,Tommy Tynan,1955-11-17,Centre Forward,Right Winger,
VaughanJames19880714,Vaughan,James,James Vaughan,1988-07-14,Centre Forward,,
VaughanLee19860717,Vaughan,Lee,Lee Vaughan,1986-07-17,Right-Back,Right Midfield,
VaulksWill19930913,Vaulks,Will,Will Vaulks,1993-09-13,Defensive Midfielder,Centre-Back,Right-Back
VickersSteve19671013,Vickers,Steve,Steve Vickers,1967-10-13,Centre-Back,,
WalkdenEdgar19141104,Walkden,Edgar,Edgar Walkden,1914-11-04,,,
WalkerBrad19960425,Walker,Brad,Brad Walker,1996-04-25,Defensive Midfielder,Central Midfielder,Centre-Back
WalkerRiceDanny20001110,Walker-Rice,Danny,Danny Walker-Rice,2000-11-10,Right Winger,Left Winger,
WalkerStephen20001011,Walker,Stephen,Stephen Walker,2000-10-11,Second Striker,Left Winger,Centre Forward
WallaceJames19911219,Wallace,James,James Wallace,1991-12-19,Central Midfielder,Defensive Midfielder,Attacking Midfielder
WardGavin19700630,Ward,Gavin,Gavin Ward,1970-06-30,Goalkeeper,,
WaringGeorge19941202,Waring,George,George Waring,1994-12-02,Centre Forward,,
WarnerTony19740511,Warner,Tony,Tony Warner,1974-05-11,Goalkeeper,,
WarringtonLewis20021010,Warrington,Lewis,Lewis Warrington,2002-10-10,Central Midfielder,Defensive Midfielder,Attacking Midfielder
WassellGilbert19100409,Wassell,Gilbert,Gilbert Wassell,1910-04-09,,,
WaterfallLuke19900730,Waterfall,Luke,Luke Waterfall,1990-07-30,Centre-Back,,
WatkinsBradley19940911,Watkins,Bradley,Bradley Watkins,1994-09-11,Goalkeeper,,
WatsonRyan19930707,Watson,Ryan,Ryan Watson,1993-07-07,Defensive Midfielder,Central Midfielder,Right-Back
WeirRobbie19881209,Weir,Robbie,Robbie Weir,1988-12-09,Defensive Midfielder,Central Midfielder,Centre-Back
WelchKeith19681003,Welch,Keith,Keith Welch,1968-10-03,Goalkeeper,,
WelshJohn19840110,Welsh,John,John Welsh,1984-01-10,Central Midfielder,Defensive Midfielder,
WestGordon19430424,West,Gordon,Gordon West,1943-04-24,Goalkeeper,,
WhartonPaddy20000527,Wharton,Paddy,Paddy Wharton,2000-05-27,Goalkeeper,,
WheelerJohnny19280726,Wheeler,Johnny,Johnny Wheeler,1928-07-26,Right Midfield,,
WhiteheadPhil19691217,Whitehead,Phil,Phil Whitehead,1969-12-17,Goalkeeper,,
WhitmoreTheodore19720805,Whitmore,Theodore,Theodore Whitmore,1972-08-05,Attacking Midfielder,,
WilliamsGraham19361231,Williams,Graham,Graham Williams,1936-12-31,Left Midfield,,
WilliamsJack20030516,Williams,Jack,Jack Williams,2003-05-16,Right Winger,Attacking Midfielder,Left Winger
WilliamsJohn19601003,Williams,John,John Williams,1960-10-03,Centre-Back,,
WilliamsJosh20040713,Williams,Josh,Josh Williams,2004-07-13,Central Midfielder,Attacking Midfielder,
WilliamsRyan19780831,Williams,Ryan,Ryan Williams,1978-08-31,Attacking Midfielder,,
WilliamsRyan19910408,Williams,Ryan,Ryan Williams,1991-04-08,Attacking Midfielder,,
WilsonBob19280908,Wilson,Bob,Bob Wilson,1928-09-08,Right-Back,,
WilsonKane20000311,Wilson,Kane,Kane Wilson,2000-03-11,Right-Back,Right Midfield,
WilsonMark19790209,Wilson,Mark,Mark Wilson,1979-02-09,Central Midfielder,,
WilsonSteve19740424,Wilson,Steve,Steve Wilson,1974-04-24,Goalkeeper,,
WoodConnor19960717,Wood,Connor,Connor Wood,1996-07-17,Left-Back,Left Midfield,
WoodNick19901109,Wood,Nick,Nick Wood,1990-11-09,Centre-Back,Left-Back,
WoodardsDan19831007,Woodards,Dan,Dan Woodards,1983-10-07,Right-Back,Left-Back,Centre-Back
WoodsBilly19731024,Woods,Billy,Billy Woods,1973-10-24,Left Winger,Right Winger,
WoodsCalum19870205,Woods,Calum,Calum Woods,1987-02-05,Right-Back,Left-Back,Centre-Back
WoodyardAlex19930503,Woodyard,Alex,Alex Woodyard,1993-05-03,Defensive Midfielder,Central Midfielder,Right Midfield
WooleryKaiyne19950111,Woolery,Kaiyne,Kaiyne Woolery,1995-01-11,Left Winger,Right Winger,Centre Forward
WoottonScott19910912,Wootton,Scott,Scott Wootton,1991-09-12,Centre-Back,Right-Back,
WorthingtonFrank19481123,Worthington,Frank,Frank Worthington,1948-11-23,,,
YarneyJosef19971008,Yarney,Josef,Josef Yarney,1997-10-08,Centre-Back,Right-Back,Central Midfielder
YatesSteve19700129,Yates,Steve,Steve Yates,1970-01-29,Centre-Back,Right-Back,Left-Back
YeatsRon19371115,Yeats,Ron,Ron Yeats,1937-11-15,Centre-Back,,
YoungJack20001021,Young,Jack,Jack Young,2000-10-21,Central Midfielder,Defensive Midfielder,
YoungTommy19471224,Young,Tommy,Tommy Young,1947-12-24,Centre Forward,Attacking Midfielder,
ZolaCalvin19841231,Zola,Calvin,Calvin Zola,1984-12-31,Centre Forward,,
